{
    "Player": {
        "Speed": 10.0,
        "armFreqSpd": 2.4030001163482666,
        "attackSpd": 1.5707963705062866,
        "freqSpd": 4.078999996185303
    }
}
