{
    "Player": {
        "Speed": 10.0,
        "armFreqSpd": 6.361999988555908,
        "attackSpd": 1.5707963705062866,
        "freqSpd": 3.1415927410125732
    }
}
